Rank,Character,Character,Mandarin�1,Mandarin,Cantonese,Cantonese�1,Cantonese,Min Nan,Min Nan�1,Hakka,Hakka,Gan,Gan,Wu-1,Other,Other
2019,Trad.,Simp.,Pinyin,Wade,Jyutping,HK,Other,POJ[a],Other,PFS,Other,GP,Other,,Other,Other
1,?,?,wang,Wang2,Wong4,Wong,Vang,�ng,Bong Heng,V�ng,Wong,U?ng,Wong,Waon Whang,Viet.,V??ng
1,?,?,wang,Wang2,Wong4,Wong,Vang,�ng,Bong Heng,V�ng,Wong,U?ng,Wong,Waon Whang,Kor.,Wang (?)
1,?,?,wang,Wang2,Wong4,Wong,Vang,�ng,Bong Heng,V�ng,Wong,U?ng,Wong,Waon Whang,Phil.,"Ong, Wong, Wang, Heng"
1,?,?,wang,Wang2,Wong4,Wong,Vang,�ng,Bong Heng,V�ng,Wong,U?ng,Wong,Waon Whang,Jap.,?
2,?,?,li,Li3,Lei5,Lee,Ly,L�,Lee,L�,Lee,L�,Lee,Lee,Viet.,L�
2,?,?,li,Li3,Lei5,Li,Ly,L�,Lee,L�,Lee,L�,Lee,Lee,N. Kor.,"Ri (?),"
2,?,?,li,Li3,Lei5,Li,Ly,L�,Lee,L�,Lee,L�,Lee,Lee,S. Kor.,"Yi, Lee, Rhee (?)"
2,?,?,li,Li3,Lei5,Li,Ly,L�,Lee,L�,Lee,L�,Lee,Lee,Jap.,Ri
2,?,?,li,Li3,Lei5,Li,Ly,L�,Lee,L�,Lee,L�,Lee,Lee,Phil.,"Dy, Lee, Li, Dee,  Sy"
3,?,?,zhang,Chang1,Zoeng1,Cheung,Cheong,"Tiu? (X, Q, K, T)Tio? (Z)",TeoTeohTio,Ch�ng,Chong,Tong,CheongThong,Tsan,Viet.,Tr??ng
3,?,?,zhang,Chang1,Zoeng1,Cheung,Chong,"Tiu? (X, Q, K, T)Tio? (Z)",TeoTeohTio,Ch�ng,Chong,Tong,CheongThong,Tsan,Kor.,Jang (?)
3,?,?,zhang,Chang1,Zoeng1,Cheung,Chong,"Tiu? (X, Q, K, T)Tio? (Z)",TeoTeohTio,Ch�ng,Chong,Tong,CheongThong,Tsan,Jap.,Ch?
3,?,?,zhang,Chang1,Zoeng1,Cheung,Chong,"Tiu? (X, Q, K, T)Tio? (Z)",TeoTeohTio,Ch�ng,Chong,Tong,CheongThong,Tsan,Phil.,"Tiu, Tiong, Chong"
3,?,?,zhang,Chang1,Zoeng1,Cheung,Chong,"Tiu? (X, Q, K, T)Tio? (Z)",TeoTeohTio,Ch�ng,Chong,Tong,CheongThong,Tsan,Ina.,"Sutiono, Tjong"
4,?,?,Liu,Liu2,Lau4,Lau,Lao,L�u,LauLowLao,Li�,Liew,Liu,Lew Lieu,Lieu,Viet.,L?u
4,?,?,Liu,Liu2,Lau4,Lau,Lou,L�u,LauLowLao,Li�,Liew,Liu,Lew Lieu,Lieu,Kor.,Yu/Ryu (?/?)
4,?,?,Liu,Liu2,Lau4,Lau,Lou,L�u,LauLowLao,Li�,Liew,Liu,Lew Lieu,Lieu,Phil.,"Lao, Lew"
4,?,?,Liu,Liu2,Lau4,Lau,Lou,L�u,LauLowLao,Li�,Liew,Liu,Lew Lieu,Lieu,Jap.,Ry?
5,?,?,Chen,Ch'en2,Can4,Chan,ChunCheanChin,T�n,TanTang Ting,chh�n,chin,Th�n,ThinChin,Zen,Viet.,Tr?n
5,?,?,Chen,Ch'en2,Can4,Chan,ChunCheanChin,T�n,TanTang Ting,chh�n,chin,Th�n,ThinChin,Zen,Kor.,Jin (?)
5,?,?,Chen,Ch'en2,Can4,Chan,ChunCheanChin,T�n,TanTang Ting,chh�n,chin,Th�n,ThinChin,Zen,Phil.,"Tan, Chan, Tantoco, Tanteksi"
5,?,?,Chen,Ch'en2,Can4,Chan,ChunCheanChin,T�n,TanTang Ting,chh�n,chin,Th�n,ThinChin,Zen,Jap.,Chin
6,?,?,yang,Yang2,Joeng4,Yeung,YeongIeongYoung,"I�? (X, Q, K, T)I�? (Z)",YeohYeoYoNyo,Y�ng,YongYeong,I?ng,Yeong,Yan,Viet.,D??ng
6,?,?,yang,Yang2,Joeng4,Yeung,YeongIeongYoung,"I�? (X, Q, K, T)I�? (Z)",YeohYeoYoNyo,Y�ng,YongYeong,I?ng,Yeong,Yan,Kor.,Yang (?)
6,?,?,yang,Yang2,Joeng4,Yeung,YeongIeongYoung,"I�? (X, Q, K, T)I�? (Z)",YeohYeoYoNyo,Y�ng,YongYeong,I?ng,Yeong,Yan,Phil.,"Yu, Young, Yung, Yang, Yongco, Auyong, Awyoung, Yuchengco"
6,?,?,yang,Yang2,Joeng4,Yeung,YeongIeongYoung,"I�? (X, Q, K, T)I�? (Z)",YeohYeoYoNyo,Y�ng,YongYeong,I?ng,Yeong,Yan,Jap.,Y?
6,?,?,yang,Yang2,Joeng4,Yeung,YeongIeongYoung,"I�? (X, Q, K, T)I�? (Z)",YeohYeoYoNyo,Y�ng,YongYeong,I?ng,Yeong,Yan,Misc.,Yana
7,?,?,huang,Huang2,Wong4,Wong,WangVong,"N?g (X, Q, K, T)�i? (Z)",NgUngOoiUy Wee,V�ng,WongBong,U?ng,WongFong,Waon Whang,Viet.,Ho�ng/Hu?nh
7,?,?,huang,Huang2,Wong4,Wong,WangVong,"N?g (X, Q, K, T)�i? (Z)",NgUngOoiUy Wee,V�ng,WongBong,U?ng,WongFong,Waon Whang,Kor.,Hwang (?)
7,?,?,huang,Huang2,Wong4,Wong,WangVong,"N?g (X, Q, K, T)�i? (Z)",NgUngOoiUy Wee,V�ng,WongBong,U?ng,WongFong,Waon Whang,Phil.,"Ng, Uy, Wee, Wong"
7,?,?,huang,Huang2,Wong4,Wong,WangVong,"N?g (X, Q, K, T)�i? (Z)",NgUngOoiUy Wee,V�ng,WongBong,U?ng,WongFong,Waon Whang,Jap.,K?
8,?,?,zhao,Chao2,Ziu6,Chiu,ChuChioJiu,"Ti? (X, Z, K, T)Ti? (Q)",TeoTeoh,Chhau,Chau,Th�u,CheuChew,Zau,Viet.,Tri?u
8,?,?,zhao,Chao2,Ziu6,Chiu,ChuChioJiu,"Ti? (X, Z, K, T)Ti? (Q)",TeoTeoh,Chhau,Chau,Th�u,CheuChew,Zau,Kor.,Jo (?)
8,?,?,zhao,Chao2,Ziu6,Chiu,ChuChioJiu,"Ti? (X, Z, K, T)Ti? (Q)",TeoTeoh,Chhau,Chau,Th�u,CheuChew,Zau,Phil.,"Tio, Chiu, Chio, Chu"
8,?,?,zhao,Chao2,Ziu6,Chiu,ChuChioJiu,"Ti? (X, Z, K, T)Ti? (Q)",TeoTeoh,Chhau,Chau,Th�u,CheuChew,Zau,Jap.,Ch?
9,?,?,wu,Wu2,Ng4,Ng,"Ung, Eng","G�?Ng�? (X, Q, K, T)",Goh,?g,Ng,Ng,Ng,Woo,Viet.,Ng�
9,?,?,wu,Wu2,Ng4,Ng,"Ung, Eng","G�?Ng�? (X, Q, K, T)",Goh,?g,Ng,Ng,Ng,Woo,Kor.,Oh (?)
9,?,?,wu,Wu2,Ng4,Ng,"Ung, Eng","G�?Ng�? (X, Q, K, T)",Goh,?g,Ng,Ng,Ng,Woo,Jap.,Go
9,?,?,wu,Wu2,Ng4,Ng,"Ung, Eng","G�?Ng�? (X, Q, K, T)",Goh,?g,Ng,Ng,Ng,Woo,Phil.,"Go, Ngo, Goh, Wu, Gozon, Gozum, Cinco, Gochian, Gokongwei, Gosiengfiao"
9,?,?,wu,Wu2,Ng4,Ng,"Ung, Eng","G�?Ng�? (X, Q, K, T)",Goh,?g,Ng,Ng,Ng,Woo,Misc.,Woo
10,?,?,zhou,Chou1,Zau1,Chow,"Jao,Chau, Chao",Chiu,ChewJew,Chi�,ChewChiew,Tiu,ChewCheu,Tseu,Viet.,"Chu, Ch�u"
10,?,?,zhou,Chou1,Zau1,Chau,"Jao,Chau, Chao",Chiu,ChewJew,Chi�,ChewChiew,Tiu,ChewCheu,Tseu,Kor.,Ju (?)
10,?,?,zhou,Chou1,Zau1,ChowChau,"Jao,Chau, Chao",Chiu,ChewJew,Chi�,ChewChiew,Tiu,ChewCheu,Tseu,Jap.,Sh?
10,?,?,zhou,Chou1,Zau1,ChowChau,"Jao,Chau, Chao",Chiu,ChewJew,Chi�,ChewChiew,Tiu,ChewCheu,Tseu,Phil.,"Chiu, Jao, Chow"
10,?,?,zhou,Chou1,Zau1,ChowChau,"Jao,Chau, Chao",Chiu,ChewJew,Chi�,ChewChiew,Tiu,ChewCheu,Tseu,Misc.,Joe
11,?,?,Xu,Hs�2,Ceoi4,Tsui,ChoiChuiTsua,"Chh� (X, Z, K, T)S�r (Q)",CheeCherCheuSweeJiJee,Chh�,Chi,Chhi�,CheeChui,Zee,Viet.,T?
11,?,?,Xu,Hs�2,Ceoi4,Tsui,ChoiChuiTsua,"Chh� (X, Z, K, T)S�r (Q)",CheeCherCheuSweeJiJee,Chh�,Chi,Chhi�,CheeChui,Zee,Kor.,Seo (?)
11,?,?,Xu,Hs�2,Ceoi4,Tsui,ChoiChuiTsua,"Chh� (X, Z, K, T)S�r (Q)",CheeCherCheuSweeJiJee,Chh�,Chi,Chhi�,CheeChui,Zee,Jap.,Sho
11,?,?,Xu,Hs�2,Ceoi4,Tsui,ChoiChuiTsua,"Chh� (X, Z, K, T)S�r (Q)",CheeCherCheuSweeJiJee,Chh�,Chi,Chhi�,CheeChui,Zee,Phil.,Choi
11,?,?,Xu,Hs�2,Ceoi4,Tsui,ChoiChuiTsua,"Chh� (X, Z, K, T)S�r (Q)",CheeCherCheuSweeJiJee,Chh�,Chi,Chhi�,CheeChui,Zee,Ina.,DharmadjieChristiadjie
12,?,?,sun,Sun1,Syun1,Suen,Sun,"Sng (X, Q, K, T)Sun (X, Q, K, T)Sui? (Z)",SngSoon,S�n,Sun,Sun,Suen,Sen,Viet.,T�n
12,?,?,sun,Sun1,Syun1,Suen,Sun,"Sng (X, Q, K, T)Sun (X, Q, K, T)Sui? (Z)",SngSoon,S�n,Sun,Sun,Suen,Sen,Kor.,Son (?)
12,?,?,sun,Sun1,Syun1,Suen,Sun,"Sng (X, Q, K, T)Sun (X, Q, K, T)Sui? (Z)",SngSoon,S�n,Sun,Sun,Suen,Sen,Jap.,Son
12,?,?,sun,Sun1,Syun1,Suen,Sun,"Sng (X, Q, K, T)Sun (X, Q, K, T)Sui? (Z)",SngSoon,S�n,Sun,Sun,Suen,Sen,Phil.,"Suan, Soon, Son"
13,?,?,Ma,Ma3,Maa5,Ma,MahMar,"M�B� (K, T)",BeyBehBaey,M�,Ma,M�,Ma,Mo,Viet.,M�
13,?,?,Ma,Ma3,Maa5,Ma,MahMar,"M�B� (K, T)",BeyBehBaey,M�,Ma,M�,Ma,Mo,Kor.,Ma (?)
13,?,?,Ma,Ma3,Maa5,Ma,MahMar,"M�B� (K, T)",BeyBehBaey,M�,Ma,M�,Ma,Mo,Phil.,Ma/Mapua[19]
13,?,?,Ma,Ma3,Maa5,Ma,MahMar,"M�B� (K, T)",BeyBehBaey,M�,Ma,M�,Ma,Mo,Jap.,Ba
14,?,?,Zhu,Chu1,Zyu1,Chu,Chue,Chu,Choo,Ch�,Choo,Tu,Chu,TsyuChu,Viet.,Ch�u
14,?,?,Zhu,Chu1,Zyu1,Chu,Chue,Chu,Choo,Ch�,Choo,Tu,Chu,TsyuChu,Kor.,Ju (?)
14,?,?,Zhu,Chu1,Zyu1,Chu,Chue,Chu,Choo,Ch�,Choo,Tu,Chu,TsyuChu,Jap.,Shu
14,?,?,Zhu,Chu1,Zyu1,Chu,Chue,Chu,Choo,Ch�,Choo,Tu,Chu,TsyuChu,Phil.,Chu
14,?,?,Zhu,Chu1,Zyu1,Chu,Chue,Chu,Choo,Ch�,Choo,Tu,Chu,TsyuChu,Can.,Gee
14,?,?,Zhu,Chu1,Zyu1,Chu,Chue,Chu,Choo,Ch�,Choo,Tu,Chu,TsyuChu,Misc.,Ju
15,?,?,H�,Hu2,Wu4,Wu,"Woo,Vu",�?,Oh Ow Aw,F�,Foo,?,WuFoo,Woo,Viet.,H?
15,?,?,hu,Hu2,Wu4,Wu,"Woo,Vu",�?,Oh Ow Aw,F�,Foo,?,WuFoo,Woo,Kor.,Ho (?)
15,?,?,H�,Hu2,Wu4,Wu,"Woo,Vu",�?,Oh Ow Aw,F�,Foo,?,WuFoo,Woo,Jap.,Ko
15,?,?,H�,Hu2,Wu4,Wu,"Woo,Vu",�?,Oh Ow Aw,F�,Foo,?,WuFoo,Woo,Phil.,"Hu, Ho"
16,?,?,guo,Kuo1,Gwok3,Kwok,Kuok,"Koeh (Z, K, T)Keh (X)Kerh (Q)",KuehKoayQuayKwekQuek Kwik,Kwok,KwokKok,Kuok,Kwok,Koh,Viet.,Qu�ch
16,?,?,guo,Kuo1,Gwok3,Kwok,Kuok,"Koeh (Z, K, T)Keh (X)Kerh (Q)",KuehKoayQuayKwekQuek Kwik,Kwok,KwokKok,Kuok,Kwok,Koh,Kor.,Gwak (?)
16,?,?,guo,Kuo1,Gwok3,Kwok,Kuok,"Koeh (Z, K, T)Keh (X)Kerh (Q)",KuehKoayQuayKwekQuek Kwik,Kwok,KwokKok,Kuok,Kwok,Koh,Jap.,Kaku
16,?,?,guo,Kuo1,Gwok3,Kwok,Kuok,"Koeh (Z, K, T)Keh (X)Kerh (Q)",KuehKoayQuayKwekQuek Kwik,Kwok,KwokKok,Kuok,Kwok,Koh,Phil.,"Que, Cue, Quezon, Quison, Ker, Kho, Kwok, Kue"
17,?,?,he,H�2Ho2,Ho4,Ho,Hoe,H�,HoHorHou,H�,Ho,H�,Ho,Woo,Viet.,H�
17,?,?,he,H�2Ho2,Ho4,Ho,Hoe,H�,HoHorHou,H�,Ho,H�,Ho,Woo,Kor.,Ha (?)
17,?,?,he,H�2Ho2,Ho4,Ho,Hoe,H�,HoHorHou,H�,Ho,H�,Ho,Woo,Phil.,Ho
17,?,?,he,H�2Ho2,Ho4,Ho,Hoe,H�,HoHorHou,H�,Ho,H�,Ho,Woo,Jap.,Ka
18,?,?,lin,Lin2,Lam4,Lam,Lum,L�m,Lim,L�m,Lim,L?m,Lim,Lin,Viet.,L�m
18,?,?,lin,Lin2,Lam4,Lam,Lum,L�m,Lim,L�m,Lim,L?m,Lim,Lin,Kor.,Lim/Im/Rim(?/?)
18,?,?,lin,Lin2,Lam4,Lam,Lum,L�m,Lim,L�m,Lim,L?m,Lim,Lin,Phil.,Lim
18,?,?,lin,Lin2,Lam4,Lam,Lum,L�m,Lim,L�m,Lim,L?m,Lim,Lin,Jap.,Rin/Hayashi
19,?,?,gao,Kao1,Gou1,Ko,KouGo,"Ko (X, Z, K, T)Ko? (Q)",KoKor,K�Kau,Koo,Kou,Kou,Kau,Viet.,Cao
19,?,?,gao,Kao1,Gou1,Ko,KouGo,"Ko (X, Z, K, T)Ko? (Q)",KoKor,K�Kau,Koo,Kou,Kou,Kau,Kor.,Go (?)
19,?,?,gao,Kao1,Gou1,Ko,KouGo,"Ko (X, Z, K, T)Ko? (Q)",KoKor,K�Kau,Koo,Kou,Kou,Kau,Jap.,K?
19,?,?,gao,Kao1,Gou1,Ko,KouGo,"Ko (X, Z, K, T)Ko? (Q)",KoKor,K�Kau,Koo,Kou,Kou,Kau,Phil.,"Caw, Co, Ko, Gao"
20,?,?,Luo,Lo2,Lo4,Lo,"LawLoh, LoweLor",L�,LoLorLaw,L�,LawLoLoh,L?,LoLaw,LuLoo,Viet.,La
20,?,?,Luo,Lo2,Lo4,Lo,"LawLoh, LoweLor",L�,LoLorLaw,L�,LawLoLoh,L?,LoLaw,LuLoo,Kor.,Na/La/Ra(?/?)
20,?,?,Luo,Lo2,Lo4,Lo,"LawLoh, LoweLor",L�,LoLorLaw,L�,LawLoLoh,L?,LoLaw,LuLoo,Phil.,Lo
20,?,?,Luo,Lo2,Lo4,Lo,"LawLoh, LoweLor",L�,LoLorLaw,L�,LawLoLoh,L?,LoLaw,LuLoo,Jap.,Ra
21,?,?,zheng,Cheng4,Zeng6,Cheng,CheangChiang,"T?? (K)T?? (X, T)T�? (Q)T?e? (Z)",TayTeh,Chhang,Chang,Th�ng,,Zen,Viet.,Tr?nh
21,?,?,zheng,Cheng4,Zeng6,Cheng,CheangChiang,"T?? (K)T?? (X, T)T�? (Q)T?e? (Z)",TayTeh,Chhang,Chang,Th�ng,,Zen,Kor.,Jeong (?)
21,?,?,zheng,Cheng4,Zeng6,Cheng,CheangChiang,"T?? (K)T?? (X, T)T�? (Q)T?e? (Z)",TayTeh,Chhang,Chang,Th�ng,,Zen,Jap.,Tei
21,?,?,zheng,Cheng4,Zeng6,Cheng,CheangChiang,"T?? (K)T?? (X, T)T�? (Q)T?e? (Z)",TayTeh,Chhang,Chang,Th�ng,,Zen,Phil.,"Ty, Tee, Cheng, Chiang"
22,?,?,liang,Liang2,Loeng4,Leung,LeongLangLeng,"Ni� (X, Q, K, T)Ni�? (Z)",Neo,Li�ng,Leong,Li?ng,,Lian,Viet.,L??ng
22,?,?,liang,Liang2,Loeng4,Leung,LeongLangLeng,"Ni� (X, Q, K, T)Ni�? (Z)",Neo,Li�ng,Leong,Li?ng,,Lian,Kor.,Yang/Ryang (?/?)
22,?,?,liang,Liang2,Loeng4,Leung,LeongLangLeng,"Ni� (X, Q, K, T)Ni�? (Z)",Neo,Li�ng,Leong,Li?ng,,Lian,Phil.,"Leong, Liong, Leung, Niu"
22,?,?,liang,Liang2,Loeng4,Leung,LeongLangLeng,"Ni� (X, Q, K, T)Ni�? (Z)",Neo,Li�ng,Leong,Li?ng,,Lian,Jap.,Ry?
23,?,?,xie,Hsieh4,Ze6,Tse,Che,"Chi? (Z, K)Si? (X, T)Si� (Q)",ChiaCheahSeah,Tshia,Cheah,Chhi�,,Zia,Viet.,T?
23,?,?,xie,Hsieh4,Ze6,Tse,Che,"Chi? (Z, K)Si? (X, T)Si� (Q)",ChiaCheahSeah,Tshia,Cheah,Chhi�,,Zia,Kor.,Sa (?)
23,?,?,xie,Hsieh4,Ze6,Tse,Che,"Chi? (Z, K)Si? (X, T)Si� (Q)",ChiaCheahSeah,Tshia,Cheah,Chhi�,,Zia,Jap.,Sha
23,?,?,xie,Hsieh4,Ze6,Tse,Che,"Chi? (Z, K)Si? (X, T)Si� (Q)",ChiaCheahSeah,Tshia,Cheah,Chhi�,,Zia,Can.,Tsia
23,?,?,xie,Hsieh4,Ze6,Tse,Che,"Chi? (Z, K)Si? (X, T)Si� (Q)",ChiaCheahSeah,Tshia,Cheah,Chhi�,,Zia,Phil.,"Sia, Saa, Sese, Chia, Tse"
23,?,?,xie,Hsieh4,Ze6,Tse,Che,"Chi? (Z, K)Si? (X, T)Si� (Q)",ChiaCheahSeah,Tshia,Cheah,Chhi�,,Zia,Misc.,Shie
24,?,?,song,Sung4,Sung3,Sung,,"S�ngS�ng (K, T)",Song,Sung,SongSoong,S?ng,,Soong,Viet.,T?ng
24,?,?,song,Sung4,Sung3,Sung,,"S�ngS�ng (K, T)",Song,Sung,SongSoong,S?ng,,Soong,Kor.,Song (?)
24,?,?,song,Sung4,Sung3,Sung,,"S�ngS�ng (K, T)",Song,Sung,SongSoong,S?ng,,Soong,Jap.,S?
24,?,?,song,Sung4,Sung3,Sung,,"S�ngS�ng (K, T)",Song,Sung,SongSoong,S?ng,,Soong,Phil.,"Song, Songco, Soong, Sung"
24,?,?,song,Sung4,Sung3,Sung,,"S�ngS�ng (K, T)",Song,Sung,SongSoong,S?ng,,Soong,Misc.,Soong
25,?,?,Tang,T'ang2,Tong4,Tong,,"Tn?gT�ng (X, Z, K, T)",TngTang,Th�ng,TongThong,Th�ng,,Daan,Viet.,???ng
25,?,?,Tang,T'ang2,Tong4,Tong,,"Tn?gT�ng (X, Z, K, T)",TngTang,Th�ng,TongThong,Th�ng,,Daan,Kor.,Dang (?)
25,?,?,Tang,T'ang2,Tong4,Tong,,"Tn?gT�ng (X, Z, K, T)",TngTang,Th�ng,TongThong,Th�ng,,Daan,Phil.,Teng
25,?,?,Tang,T'ang2,Tong4,Tong,,"Tn?gT�ng (X, Z, K, T)",TngTang,Th�ng,TongThong,Th�ng,,Daan,Jap.,T?
26,?,?,xu,Hs�3,Heoi2,Hui,Hoi,Kh�?,KohKhohKo,H�,Hee,H�,,Syu,Viet.,"H�i, H?a"
26,?,?,xu,Hs�3,Heoi2,Hui,Hoi,Kh�?,KohKhohKo,H�,Hee,H�,,Syu,Kor.,Heo (?)
26,?,?,xu,Hs�3,Heoi2,Hui,Hoi,Kh�?,KohKhohKo,H�,Hee,H�,,Syu,Jap.,Kyo
26,?,?,xu,Hs�3,Heoi2,Hui,Hoi,Kh�?,KohKhohKo,H�,Hee,H�,,Syu,Phil.,"Kho, Ko, Co, Kaw, Cojuangco"
27,?,?,Deng,Teng2,Dang6,Tang,Theng,"T?ng (X, Z, K, T)T�ng (Q)",Teng,Then,TenThen,Th�n,,Den,Viet.,??ng
27,?,?,Deng,Teng2,Dang6,Tang,Theng,"T?ng (X, Z, K, T)T�ng (Q)",Teng,Then,TenThen,Th�n,,Den,Kor.,Deung (?)
27,?,?,Deng,Teng2,Dang6,Tang,Theng,"T?ng (X, Z, K, T)T�ng (Q)",Teng,Then,TenThen,Th�n,,Den,Jap.,T?
27,?,?,Deng,Teng2,Dang6,Tang,Theng,"T?ng (X, Z, K, T)T�ng (Q)",Teng,Then,TenThen,Th�n,,Den,Phil.,"Deang/Teng, Tengco, Tangco"
28,?,?,Han,Han2,Hon4,Hon,,H�n,HangHan,H�n,Hon,H�n,,Ghoe,Viet.,H�n
28,?,?,Han,Han2,Hon4,Hon,,H�n,HangHan,H�n,Hon,H�n,,Ghoe,Kor.,Han (?)
28,?,?,Han,Han2,Hon4,Hon,,H�n,HangHan,H�n,Hon,H�n,,Ghoe,Jap.,Kan
28,?,?,Han,Han2,Hon4,Hon,,H�n,HangHan,H�n,Hon,H�n,,Ghoe,Misc.,Hang
29,?,?,Feng,Feng2,Fung4,Fung,Fong,P�ng,Pang,F�ngPh�ng,Foong,F?ng,,VonVong,Viet.,Ph�ng
29,?,?,Feng,Feng2,Fung4,Fung,Fong,P�ng,Pang,F�ngPh�ng,Foong,F?ng,,VonVong,Kor.,Pung (?)
29,?,?,Feng,Feng2,Fung4,Fung,Fong,P�ng,Pang,F�ngPh�ng,Foong,F?ng,,VonVong,Jap.,H?
29,?,?,Feng,Feng2,Fung4,Fung,Fong,P�ng,Pang,F�ngPh�ng,Foong,F?ng,,VonVong,Phil.,"Fung, Pangco, Pang"
30,?,?,Cao,Ts'ao2,Cou4,Cho,Chaw,"Ch� (X, Z, K, T)Ch�? (Q)",Chow,Tsh�Tsh�u,ChoChaw,Chh�u,,Zau,Viet.,T�o
30,?,?,Cao,Ts'ao2,Cou4,Tso,Chaw,"Ch� (X, Z, K, T)Ch�? (Q)",Chow,Tsh�Tsh�u,ChoChaw,Chh�u,,Zau,Kor.,Jo (?)
30,?,?,Cao,Ts'ao2,Cou4,Tso,Chaw,"Ch� (X, Z, K, T)Ch�? (Q)",Chow,Tsh�Tsh�u,ChoChaw,Chh�u,,Zau,Jap.,S?
31,?,?,Peng,P'eng2,Pang4,Pang,Banh,"Ph�? (K)Ph�? (X, Q, T)Ph�e? (Z)",PehPhe,Ph�ng,Phang,Ph�ng,,Ban,Viet.,B�nh
31,?,?,Peng,P'eng2,Pang4,Pang,Banh,"Ph�? (K)Ph�? (X, Q, T)Ph�e? (Z)",PehPhe,Ph�ng,Phang,Ph�ng,,Ban,Kor.,Paeng (?)
31,?,?,Peng,P'eng2,Pang4,Pang,Banh,"Ph�? (K)Ph�? (X, Q, T)Ph�e? (Z)",PehPhe,Ph�ng,Phang,Ph�ng,,Ban,Jap.,H?
31,?,?,Peng,P'eng2,Pang4,Pang,Banh,"Ph�? (K)Ph�? (X, Q, T)Ph�e? (Z)",PehPhe,Ph�ng,Phang,Ph�ng,,Ban,Phil.,"Beng, Pang, Pangco"
31,?,?,Peng,P'eng2,Pang4,Pang,Banh,"Ph�? (K)Ph�? (X, Q, T)Ph�e? (Z)",PehPhe,Ph�ng,Phang,Ph�ng,,Ban,Khmer,Pay
32,?,?,Zeng,Tseng1,Zang1,Tsang,ChangDong,Chan,Chan,Ts�n,Chen,Chen,,Tsen,Viet.,T?ng
32,?,?,Zeng,Tseng1,Zang1,Tsang,ChangDong,Chan,Chan,Ts�n,Chen,Chen,,Tsen,Kor.,Jeung (?)
32,?,?,Zeng,Tseng1,Zang1,Tsang,ChangDong,Chan,Chan,Ts�n,Chen,Chen,,Tsen,Jap.,S?
32,?,?,Zeng,Tseng1,Zang1,Tsang,ChangDong,Chan,Chan,Ts�n,Chen,Chen,,Tsen,Ina.,Tjan
32,?,?,Zeng,Tseng1,Zang1,Tsang,ChangDong,Chan,Chan,Ts�n,Chen,Chen,,Tsen,Phil.,"Chan, Chang"
32,?,?,Zeng,Tseng1,Zang1,Tsang,ChangDong,Chan,Chan,Ts�n,Chen,Chen,,Tsen,Misc.,Tzeng
33,?,?,Xiao,Hsiao1,Siu1,SiuShiu,Sio,"Siau (X, Z, K, T)Sio (X, Q, K, T)",SeowSiauSiow,Si�u,SiewSiaw,Sieu,,SiauHsiau,Viet.,Ti�u
33,?,?,Xiao,Hsiao1,Siu1,SiuShiu,Sio,"Siau (X, Z, K, T)Sio (X, Q, K, T)",SeowSiauSiow,Si�u,SiewSiaw,Sieu,,SiauHsiau,Kor.,So (?)
33,?,?,Xiao,Hsiao1,Siu1,SiuShiu,Sio,"Siau (X, Z, K, T)Sio (X, Q, K, T)",SeowSiauSiow,Si�u,SiewSiaw,Sieu,,SiauHsiau,Phil.,"Siao, Syaw, Shau, Shao, Shaw"
33,?,?,Xiao,Hsiao1,Siu1,SiuShiu,Sio,"Siau (X, Z, K, T)Sio (X, Q, K, T)",SeowSiauSiow,Si�u,SiewSiaw,Sieu,,SiauHsiau,Jap.,Sh?
34,?,?,tian,T'ien2,Tin4,Tin,Chan,Ti�n,ChanChang,Thi�n,ThienThen,Thi�n,,Dee,Viet.,?i?n
34,?,?,tian,T'ien2,Tin4,Tin,Chan,Ti�n,ChanChang,Thi�n,ThienThen,Thi�n,,Dee,Kor.,Jeon (?)
34,?,?,tian,T'ien2,Tin4,Tin,Chan,Ti�n,ChanChang,Thi�n,ThienThen,Thi�n,,Dee,Phil.,"Tian, Tien"
34,?,?,tian,T'ien2,Tin4,Tin,Chan,Ti�n,ChanChang,Thi�n,ThienThen,Thi�n,,Dee,Jap.,Ten
35,?,?,Dong,Tung3,Dung2,Tung,Tong,T�ngT�ng (Z),Tong,T�ng,Tung,T�ng,,TungToong,Viet.,??ng
35,?,?,Dong,Tung3,Dung2,Tung,Tong,T�ngT�ng (Z),Tong,T�ng,Tung,T�ng,,TungToong,Kor.,Dong (?)
35,?,?,Dong,Tung3,Dung2,Tung,Tong,T�ngT�ng (Z),Tong,T�ng,Tung,T�ng,,TungToong,Phil.,"Tong, Tung"
35,?,?,Dong,Tung3,Dung2,Tung,Tong,T�ngT�ng (Z),Tong,T�ng,Tung,T�ng,,TungToong,Jap.,T?
36,?,?,Pan,P'an1,Pun1,PoonPun,Pun,Phoa?,Phua,Ph�n,PanPhan,Phon,,PoePae,Viet.,Phan
36,?,?,Pan,P'an1,Pun1,PoonPun,Pun,Phoa?,Phua,Ph�n,PanPhan,Phon,,PoePae,Kor.,Ban (?)
36,?,?,Pan,P'an1,Pun1,PoonPun,Pun,Phoa?,Phua,Ph�n,PanPhan,Phon,,PoePae,Jap.,Han
36,?,?,Pan,P'an1,Pun1,PoonPun,Pun,Phoa?,Phua,Ph�n,PanPhan,Phon,,PoePae,Phil.,"Pua, Pan, Poon"
37,?,?,Yuan,Y�an2,Jyun4,Yuen,Wan,O�n,Wang,Y�n,Yen,I?n,,Yoe,Viet.,Vi�n
37,?,?,Yuan,Y�an2,Jyun4,Yuen,Wan,O�n,Wang,Y�n,Yen,I?n,,Yoe,Kor.,Won (?)
37,?,?,Yuan,Y�an2,Jyun4,Yuen,Wan,O�n,Wang,Y�n,Yen,I?n,,Yoe,Jap.,En
37,?,?,Yuan,Y�an2,Jyun4,Yuen,Wan,O�n,Wang,Y�n,Yen,I?n,,Yoe,Phil.,Yan
38,?,?,Cai,Ts'ai4,Coi3,Choi,ChoyTsoiToy,Chho�,Chua,Chhai,ChaiChoi,Chh�i,,Tsa,Viet.,Th�iS�i
38,?,?,Cai,Ts'ai4,Coi3,Choi,ChoyTsoiToy,Chho�,Chua,Chhai,ChaiChoi,Chh�i,,Tsa,Kor.,Chae (?)
38,?,?,Cai,Ts'ai4,Coi3,Choi,ChoyTsoiToy,Chho�,Chua,Chhai,ChaiChoi,Chh�i,,Tsa,Jap.,Sai
38,?,?,Cai,Ts'ai4,Coi3,Choi,ChoyTsoiToy,Chho�,Chua,Chhai,ChaiChoi,Chh�i,,Tsa,Can.,Chai
38,?,?,Cai,Ts'ai4,Coi3,Choi,ChoyTsoiToy,Chho�,Chua,Chhai,ChaiChoi,Chh�i,,Tsa,Phil.,"Chua, Chuah, Cua, Choa, Choi, Chai, Tsai"
38,?,?,Cai,Ts'ai4,Coi3,Choi,ChoyTsoiToy,Chho�,Chua,Chhai,ChaiChoi,Chh�i,,Tsa,Misc.,Tsay
39,?,?,Jiang,Chiang3,Zoeng2,Tseung,Cheung,"Chi�? (X, Q, K, T)Chi�? (Z)",CheohChioh,Tsi�ng,Cheong,Chi�ng,,Cian,Viet.,T??ng
39,?,?,Jiang,Chiang3,Zoeng2,Tseung,Cheung,"Chi�? (X, Q, K, T)Chi�? (Z)",CheohChioh,Tsi�ng,Cheong,Chi�ng,,Cian,Kor.,Jang (?)
39,?,?,Jiang,Chiang3,Zoeng2,Tseung,Cheung,"Chi�? (X, Q, K, T)Chi�? (Z)",CheohChioh,Tsi�ng,Cheong,Chi�ng,,Cian,Jap.,Sh?
39,?,?,Jiang,Chiang3,Zoeng2,Tseung,Cheung,"Chi�? (X, Q, K, T)Chi�? (Z)",CheohChioh,Tsi�ng,Cheong,Chi�ng,,Cian,Phil.,"Chio, Chiu, Chung"
40,?,?,Yu,Y�2,Jyu4,YuYue,UYee,"� (Z, K, T)� (X, K, T)�r (Q)",EeEu,Y�,Yee,U?,,Yu,Viet.,D?
40,?,?,Yu,Y�2,Jyu4,YuYue,UYee,"� (Z, K, T)� (X, K, T)�r (Q)",EeEu,Y�,Yee,U?,,Yu,Kor.,Yeo (?)
40,?,?,Yu,Y�2,Jyu4,YuYue,UYee,"� (Z, K, T)� (X, K, T)�r (Q)",EeEu,Y�,Yee,U?,,Yu,Jap.,Yo
40,?,?,Yu,Y�2,Jyu4,YuYue,UYee,"� (Z, K, T)� (X, K, T)�r (Q)",EeEu,Y�,Yee,U?,,Yu,Ina.,"Ie, Iman, Oe"
40,?,?,Yu,Y�2,Jyu4,YuYue,UYee,"� (Z, K, T)� (X, K, T)�r (Q)",EeEu,Y�,Yee,U?,,Yu,Phil.,"Yee, Yu"
41,?,?,Yu,Y�2,Jyu1,Yue,U,"� (Z)� (X)U (Q, K, T)",Yee,Y�,Yee,U?,,�Yu,Viet.,Vu
41,?,?,Yu,Y�2,Jyu1,Yue,U,"� (Z)� (X)U (Q, K, T)",Yee,Y�,Yee,U?,,�Yu,Kor.,U (?)
41,?,?,Yu,Y�2,Jyu1,Yue,U,"� (Z)� (X)U (Q, K, T)",Yee,Y�,Yee,U?,,�Yu,Jap.,U
42,?,?,Du,Tu4,Dou6,To,DoTou,"T?? (X, Z, K, T)T?? (Q)",Toh,Thu,ToToh,Th�,,Du,Viet.,??
42,?,?,Du,Tu4,Dou6,To,DoTou,"T?? (X, Z, K, T)T?? (Q)",Toh,Thu,ToToh,Th�,,Du,Kor.,Du (?)
42,?,?,Du,Tu4,Dou6,To,DoTou,"T?? (X, Z, K, T)T?? (Q)",Toh,Thu,ToToh,Th�,,Du,Jap.,To
42,?,?,Du,Tu4,Dou6,To,DoTou,"T?? (X, Z, K, T)T?? (Q)",Toh,Thu,ToToh,Th�,,Du,Phil.,To
43,?,?,Ye,Yeh4,Jip6,Yip,IpYeap,Ia?p,Yap,Ya?p,Yap,Iep,,Yih,Viet.,Di?p
43,?,?,Ye,Yeh4,Jip6,Yip,IpYeap,Ia?p,Yap,Ya?p,Yap,Iep,,Yih,Kor.,Seop/Yeop(?/?)
43,?,?,Ye,Yeh4,Jip6,Yip,IpYeap,Ia?p,Yap,Ya?p,Yap,Iep,,Yih,Jap.,Y?
43,?,?,Ye,Yeh4,Jip6,Yip,IpYeap,Ia?p,Yap,Ya?p,Yap,Iep,,Yih,Phil.,"Yap, Ip"
43,?,?,Ye,Yeh4,Jip6,Yip,IpYeap,Ia?p,Yap,Ya?p,Yap,Iep,,Yih,Misc.,"Yee, Ee"
44,?,?,Cheng,Ch'eng2,Cing4,Ching,Cheng,"Thi�? (X, Q, K, T)Th�e? (Z)",Thia,Chh�ngChh�n,ChangChin,Th�ng,,Zen,Viet.,Tr�nh
44,?,?,Cheng,Ch'eng2,Cing4,Ching,Cheng,"Thi�? (X, Q, K, T)Th�e? (Z)",Thia,Chh�ngChh�n,ChangChin,Th�ng,,Zen,Kor.,Jeong (?)
44,?,?,Cheng,Ch'eng2,Cing4,Ching,Cheng,"Thi�? (X, Q, K, T)Th�e? (Z)",Thia,Chh�ngChh�n,ChangChin,Th�ng,,Zen,Jap.,Tei
45,?,?,Wei,Wei4,Ngai6,Ngai,,"G?i (X, Z, K, T)G�i (Q)",NgweeNgui,Ngui,NguiWee,Ng�i,,We,Viet.,Ngu?Ng?y
45,?,?,Wei,Wei4,Ngai6,Ngai,,"G?i (X, Z, K, T)G�i (Q)",NgweeNgui,Ngui,NguiWee,Ng�i,,We,Kor.,Wi (?)
45,?,?,Wei,Wei4,Ngai6,Ngai,,"G?i (X, Z, K, T)G�i (Q)",NgweeNgui,Ngui,NguiWee,Ng�i,,We,Jap.,Gi
45,?,?,Wei,Wei4,Ngai6,Ngai,,"G?i (X, Z, K, T)G�i (Q)",NgweeNgui,Ngui,NguiWee,Ng�i,,We,Phil.,Wee
46,?,?,su,Su1,Sou1,So,Sou,So?,Soh,S�,Soo,Su,,Soo,Viet.,T�
46,?,?,su,Su1,Sou1,So,Sou,So?,Soh,S�,Soo,Su,,Soo,Kor.,So (?)
46,?,?,su,Su1,Sou1,So,Sou,So?,Soh,S�,Soo,Su,,Soo,Jap.,So
46,?,?,su,Su1,Sou1,So,Sou,So?,Soh,S�,Soo,Su,,Soo,Phil.,"So, Solon"
46,?,?,su,Su1,Sou1,So,Sou,So?,Soh,S�,Soo,Su,,Soo,Misc.,Soo
47,?,?,Lu,L�3,Leoi5,Lui,Loi,"L? (X, T)L? (Z, K)L?r (Q)",LeeLeuLerLoo,L�,Lee,Li�,,LeeLi,Viet.,L?L�
47,?,?,Lu,L�3,Leoi5,Lui,Loi,"L? (X, T)L? (Z, K)L?r (Q)",LeeLeuLerLoo,L�,Lee,Li�,,LeeLi,Kor.,Yeo/Ryeo(?/?)
47,?,?,Lu,L�3,Leoi5,Lui,Loi,"L? (X, T)L? (Z, K)L?r (Q)",LeeLeuLerLoo,L�,Lee,Li�,,LeeLi,Jap.,Ryo
47,?,?,Lu,L�3,Leoi5,Lui,Loi,"L? (X, T)L? (Z, K)L?r (Q)",LeeLeuLerLoo,L�,Lee,Li�,,LeeLi,Phil.,"Lu, Loo, Luy"
48,?,?,Ding,Ting1,Ding1Teng4,Ting,Ding,Teng,Teng,T�n,Ten,Tiang,,Tin,Viet.,?inh
48,?,?,Ding,Ting1,Ding1Teng4,Ting,Ding,Teng,Teng,T�n,Ten,Tiang,,Tin,Kor.,Jeong (?)
48,?,?,Ding,Ting1,Ding1Teng4,Ting,Ding,Teng,Teng,T�n,Ten,Tiang,,Tin,Jap.,Tei
48,?,?,Ding,Ting1,Ding1Teng4,Ting,Ding,Teng,Teng,T�n,Ten,Tiang,,Tin,Phil.,"Ting, Tin"
49,?,?,Ren,Jen4,Jam6,Yam,IamYum,"J�m (Z, K)L�m (X, Q)L?m (T)",Jim,Ngim,NgimYim,N�m,,Nin,Viet.,Nhi?mNh?m
49,?,?,Ren,Jen4,Jam6,Yam,IamYum,"J�m (Z, K)L�m (X, Q)L?m (T)",Jim,Ngim,NgimYim,N�m,,Nin,Kor.,Im (?)
49,?,?,Ren,Jen4,Jam6,Yam,IamYum,"J�m (Z, K)L�m (X, Q)L?m (T)",Jim,Ngim,NgimYim,N�m,,Nin,Jap.,Jin
50,?,?,Lu,Lu2,Lou4,Lo,Lou,L�?,Loh,L�,Loo,L?,,Lu,Viet.,L?L�
50,?,?,Lu,Lu2,Lou4,Lo,Lou,L�?,Loh,L�,Loo,L?,,Lu,Kor.,No/Ro(?/?)
50,?,?,Lu,Lu2,Lou4,Lo,Lou,L�?,Loh,L�,Loo,L?,,Lu,Jap.,Ro
51,?,?,Yao,Yao2,Jiu4,Yiu,YeowIoIu,I�u,Yeo,Y�o,Yow,I?u,Yau,Yau,Viet.,Di�u
51,?,?,Yao,Yao2,Jiu4,Yiu,YeowIoIu,I�u,Yeo,Y�o,Yow,I?u,Yau,Yau,Kor.,Yo (?)
51,?,?,Yao,Yao2,Jiu4,Yiu,YeowIoIu,I�u,Yeo,Y�o,Yow,I?u,Yau,Yau,Jap.,Y?
51,?,?,Yao,Yao2,Jiu4,Yiu,YeowIoIu,I�u,Yeo,Y�o,Yow,I?u,Yau,Yau,Phil.,Yao
52,?,?,Shen,Shen3,Sam2,Shum,SamShum,S�m,Sim,Sh�mS�m,Sim,S�m,,Sen,Viet.,Th?mTr?m
52,?,?,Shen,Shen3,Sam2,Sum,SamShum,S�m,Sim,Sh�mS�m,Sim,S�m,,Sen,Kor.,Sim/Shim (?)
52,?,?,Shen,Shen3,Sam2,Sham,SamShum,S�m,Sim,Sh�mS�m,Sim,S�m,,Sen,Jap.,Shin
53,?,?,Zhong,Chung1,Zung1,Chung,Chong,"ChiongCheng (K, T)",Cheng,Ch�ngTsung,ChongChung,Tung,,Tson,Viet.,Chung
53,?,?,Zhong,Chung1,Zung1,Chung,Chong,"ChiongCheng (K, T)",Cheng,Ch�ngTsung,ChongChung,Tung,,Tson,Kor.,Jong (?)
53,?,?,Zhong,Chung1,Zung1,Chung,Chong,"ChiongCheng (K, T)",Cheng,Ch�ngTsung,ChongChung,Tung,,Tson,Jap.,Sh?
53,?,?,Zhong,Chung1,Zung1,Chung,Chong,"ChiongCheng (K, T)",Cheng,Ch�ngTsung,ChongChung,Tung,,Tson,Phil.,"Chiong, Chong, Chung"
54,?,?,Jiang,Chiang1,Goeng1,Keung,GeungKeong,"Khiang (Z)Khiong (X, K, T)Khiu? (Q)",Kiang,Ki�ng,Keong,Kiong,,Cian,Viet.,Kh??ng
54,?,?,Jiang,Chiang1,Goeng1,Keung,GeungKeong,"Khiang (Z)Khiong (X, K, T)Khiu? (Q)",Kiang,Ki�ng,Keong,Kiong,,Cian,Kor.,Kang (?)
54,?,?,Jiang,Chiang1,Goeng1,Keung,GeungKeong,"Khiang (Z)Khiong (X, K, T)Khiu? (Q)",Kiang,Ki�ng,Keong,Kiong,,Cian,Jap.,Ky?
55,?,?,Cui,Ts'ui1,Ceoi1,Chui,Choi,Chhui,ChuiChwee,Tsh�i,Chooi,Chhoi,,Tsoe,Viet.,Th�i
55,?,?,Cui,Ts'ui1,Ceoi1,Chui,Choi,Chhui,ChuiChwee,Tsh�i,Chooi,Chhoi,,Tsoe,Kor.,Choi (?)
55,?,?,Cui,Ts'ui1,Ceoi1,Chui,Choi,Chhui,ChuiChwee,Tsh�i,Chooi,Chhoi,,Tsoe,Jap.,Sai
55,?,?,Cui,Ts'ui1,Ceoi1,Chui,Choi,Chhui,ChuiChwee,Tsh�i,Chooi,Chhoi,,Tsoe,Misc.,Tseui
56,?,?,Tan,T'an2,Taam4,Tam,TomHamHom,Th�m,Tham,Th�m,Tham,Th�m,,De,Viet.,?�m
56,?,?,Tan,T'an2,Taam4,Tam,TomHamHom,Th�m,Tham,Th�m,Tham,Th�m,,De,Kor.,Dam (?)
56,?,?,Tan,T'an2,Taam4,Tam,TomHamHom,Th�m,Tham,Th�m,Tham,Th�m,,De,Jap.,Tan
56,?,?,Tan,T'an2,Taam4,Tam,TomHamHom,Th�m,Tham,Th�m,Tham,Th�m,,De,Phil.,Tam
57,?,?,Lu,Lu4,Luk6,Luk,Lok,Lio?k,LokeLek,Liu?k,Luk,Liuk,,Loh,Viet.,L?c
57,?,?,Lu,Lu4,Luk6,Luk,Lok,Lio?k,LokeLek,Liu?k,Luk,Liuk,,Loh,Kor.,Yuk/Ryuk(?/?)
57,?,?,Lu,Lu4,Luk6,Luk,Lok,Lio?k,LokeLek,Liu?k,Luk,Liuk,,Loh,Jap.,Riku
57,?,?,Lu,Lu4,Luk6,Luk,Lok,Lio?k,LokeLek,Liu?k,Luk,Liuk,,Loh,Phil.,Diokno
58,?,?,Fan,Fan4,Faan6,Fan,,"Ho?n (X, Z, K, T)Ho?n (Q)Hwan",HuangHoanHwan,Fam,FamHoanHwan,F�n,,Vae,Viet.,Ph?m
58,?,?,Fan,Fan4,Faan6,Fan,,"Ho?n (X, Z, K, T)Ho?n (Q)Hwan",HuangHoanHwan,Fam,FamHoanHwan,F�n,,Vae,Kor.,Beom (?)
58,?,?,Fan,Fan4,Faan6,Fan,,"Ho?n (X, Z, K, T)Ho?n (Q)Hwan",HuangHoanHwan,Fam,FamHoanHwan,F�n,,Vae,Jap.,Han
58,?,?,Fan,Fan4,Faan6,Fan,,"Ho?n (X, Z, K, T)Ho?n (Q)Hwan",HuangHoanHwan,Fam,FamHoanHwan,F�n,,Vae,Phil.,"Juan, Hwan"
59,?,?,wang,Wang1,Wong1,Wong,,"Ong (X, Q, K, T)�ng (Z)",Wang,Vong,Wong,Uong,,WaonWhang,Viet.,U�ng
59,?,?,wang,Wang1,Wong1,Wong,,"Ong (X, Q, K, T)�ng (Z)",Wang,Vong,Wong,Uong,,WaonWhang,Kor.,Wang (?)
59,?,?,wang,Wang1,Wong1,Wong,,"Ong (X, Q, K, T)�ng (Z)",Wang,Vong,Wong,Uong,,WaonWhang,Jap.,?
59,?,?,wang,Wang1,Wong1,Wong,,"Ong (X, Q, K, T)�ng (Z)",Wang,Vong,Wong,Uong,,WaonWhang,Phil.,"Ong, Ang"
60,?,?,Liao,Liao4,Liu6,Liu,LewLeowLiewLio,"Li?u (X, Z, K, T)Li�u (Q)",LeowLiauLiow,Liau,LiewLiau,Li�u,,Liau,Viet.,Li�uLi?u
60,?,?,Liao,Liao4,Liu6,Liu,LewLeowLiewLio,"Li?u (X, Z, K, T)Li�u (Q)",LeowLiauLiow,Liau,LiewLiau,Li�u,,Liau,Kor.,Ryo (?)
60,?,?,Liao,Liao4,Liu6,Liu,LewLeowLiewLio,"Li?u (X, Z, K, T)Li�u (Q)",LeowLiauLiow,Liau,LiewLiau,Li�u,,Liau,Jap.,Ry?
61,?,?,Shi,Shih2,Sek6,Shek,SekSeacSeak,Chio?h,ChiohCheoh,Sha?kSak,Shak,Sak,,Zah,Viet.,Th?ch
61,?,?,Shi,Shih2,Sek6,Shek,SekSeacSeak,Chio?h,ChiohCheoh,Sha?kSak,Shak,Sak,,Zah,Kor.,Seok (?)
61,?,?,Shi,Shih2,Sek6,Shek,SekSeacSeak,Chio?h,ChiohCheoh,Sha?kSak,Shak,Sak,,Zah,Jap.,Seki
62,?,?,Jin,Chin1,Gam1,Kam,Gum,Kim,Kim,K�m,Kim,Kim,,Cin,Viet.,Kim
62,?,?,Jin,Chin1,Gam1,Kam,Gum,Kim,Kim,K�m,Kim,Kim,,Cin,Kor.,Kim (?)
62,?,?,Jin,Chin1,Gam1,Kam,Gum,Kim,Kim,K�m,Kim,Kim,,Cin,Jap.,Kin
63,?,?,Wei,Wei2,Wai4,Wai,Vai,"�i (X, Q, K, T)�i (Z)",Wee,V�iV�,WooiWee,U?,,We,Viet.,Vi
63,?,?,Wei,Wei2,Wai4,Wai,Vai,"�i (X, Q, K, T)�i (Z)",Wee,V�iV�,WooiWee,U?,,We,Kor.,Wi (?)
63,?,?,Wei,Wei2,Wai4,Wai,Vai,"�i (X, Q, K, T)�i (Z)",Wee,V�iV�,WooiWee,U?,,We,Jap.,I
63,?,?,Wei,Wei2,Wai4,Wai,Vai,"�i (X, Q, K, T)�i (Z)",Wee,V�iV�,WooiWee,U?,,We,Phil.,"Wee, Uy"
64,?,?,Jia,Chia3,Gaa2,Ka,Ga,"K� (X, Q, K, T) K�e (Z)",Kia,K�,Ka,K�,,Cia,Viet.,Gi?
64,?,?,Jia,Chia3,Gaa2,Ka,Ga,"K� (X, Q, K, T) K�e (Z)",Kia,K�,Ka,K�,,Cia,Kor.,Ga (?)Go (?)
64,?,?,Jia,Chia3,Gaa2,Ka,Ga,"K� (X, Q, K, T) K�e (Z)",Kia,K�,Ka,K�,,Cia,Jap.,Ka
65,?,?,Xia,Hsia2,Haa6,Ha,,"H? (K, T)H? (X, K, T)H� (Q)H?e (Z)",HahHay,Ha,Ha,H�,,Wo,Viet.,H?
65,?,?,Xia,Hsia2,Haa6,Ha,,"H? (K, T)H? (X, K, T)H� (Q)H?e (Z)",HahHay,Ha,Ha,H�,,Wo,Kor.,Ha (?)
65,?,?,Xia,Hsia2,Haa6,Ha,,"H? (K, T)H? (X, K, T)H� (Q)H?e (Z)",HahHay,Ha,Ha,H�,,Wo,Jap.,Ka
66,?,?,Fu,Fu4,Fu6,FuFoo,,P�?,Poh,Fu,Fu,F�,,Fu,Viet.,Ph�
66,?,?,Fu,Fu4,Fu6,FuFoo,,P�?,Poh,Fu,Fu,F�,,Fu,Kor.,Bu (?)
66,?,?,Fu,Fu4,Fu6,FuFoo,,P�?,Poh,Fu,Fu,F�,,Fu,Jap.,Fu
66,?,?,Fu,Fu4,Fu6,FuFoo,,P�?,Poh,Fu,Fu,F�,,Fu,Phil.,Po
67,?,?,Fang,Fang1,Fong1,Fong,,"Hong (X, Q, K, T)Png (X, Q, K, T)Pui? (Z)",Pung,F�ng,Fong,Fong,,Faan,Viet.,Ph??ng
67,?,?,Fang,Fang1,Fong1,Fong,,"Hong (X, Q, K, T)Png (X, Q, K, T)Pui? (Z)",Pung,F�ng,Fong,Fong,,Faan,Kor.,Bang (?)
67,?,?,Fang,Fang1,Fong1,Fong,,"Hong (X, Q, K, T)Png (X, Q, K, T)Pui? (Z)",Pung,F�ng,Fong,Fong,,Faan,Jap.,H?
68,?,?,Zou,Tsou1,Zau1,Chau,JaoChau,"Chau (K, T)Cho? (X, Z, K, T)Cho (Q)Che (Z)",ChouChoh,Ts�u,ChewChiew,Chiu,,Tseu,Viet.,Ch�u
68,?,?,Zou,Tsou1,Zau1,Chow,JaoChau,"Chau (K, T)Cho? (X, Z, K, T)Cho (Q)Che (Z)",ChouChoh,Ts�u,ChewChiew,Chiu,,Tseu,Kor.,Chu (?)
68,?,?,Zou,Tsou1,Zau1,Chau,JaoChau,"Chau (K, T)Cho? (X, Z, K, T)Cho (Q)Che (Z)",ChouChoh,Ts�u,ChewChiew,Chiu,,Tseu,Jap.,Sh?
68,?,?,Zou,Tsou1,Zau1,Chow,JaoChau,"Chau (K, T)Cho? (X, Z, K, T)Cho (Q)Che (Z)",ChouChoh,Ts�u,ChewChiew,Chiu,,Tseu,Phil.,Chou
69,?,?,Xiong,Hsiung2,Hung4,Hung,Hong,H�m,Him,Y�ng,Yoong,Hi?ng,,Yoong,Viet.,H�ng
69,?,?,Xiong,Hsiung2,Hung4,Hung,Hong,H�m,Him,Y�ng,Yoong,Hi?ng,,Yoong,Kor.,Ung (?)
69,?,?,Xiong,Hsiung2,Hung4,Hung,Hong,H�m,Him,Y�ng,Yoong,Hi?ng,,Yoong,Jap.,Y?
69,?,?,Xiong,Hsiung2,Hung4,Hung,Hong,H�m,Him,Y�ng,Yoong,Hi?ng,,Yoong,Phil.,Hung
70,?,?,Bai,Pai2,Baak6,Pak,Bahk,Pe?hPe?k (Z),Peh,Pha?k,PakPhak,Phak,,Bah,Viet.,B?ch
70,?,?,Bai,Pai2,Baak6,Pak,Bahk,Pe?hPe?k (Z),Peh,Pha?k,PakPhak,Phak,,Bah,Kor.,Baek (?)
70,?,?,Bai,Pai2,Baak6,Pak,Bahk,Pe?hPe?k (Z),Peh,Pha?k,PakPhak,Phak,,Bah,Jap.,Haku
70,?,?,Bai,Pai2,Baak6,Pak,Bahk,Pe?hPe?k (Z),Peh,Pha?k,PakPhak,Phak,,Bah,Misc.,Bo
71,?,?,Meng,Meng4,Maang6,Mang,,"B?ng (X, Z, K, T)B�ng (Q)",Meng,Men,Mang,M�ng,,Man,Viet.,M?nh
71,?,?,Meng,Meng4,Maang6,Mang,,"B?ng (X, Z, K, T)B�ng (Q)",Meng,Men,Mang,M�ng,,Man,Kor.,Maeng (?)
71,?,?,Meng,Meng4,Maang6,Mang,,"B?ng (X, Z, K, T)B�ng (Q)",Meng,Men,Mang,M�ng,,Man,Jap.,M?
72,?,?,Qin,Ch'in2,Ceon4,Chun,TseunTseonChon,Ch�n,Ching,Tsh�n,Chin,Chh�n,,Zin,Viet.,T?n
72,?,?,Qin,Ch'in2,Ceon4,Chun,TseunTseonChon,Ch�n,Ching,Tsh�n,Chin,Chh�n,,Zin,Kor.,Jin (?)
72,?,?,Qin,Ch'in2,Ceon4,Chun,TseunTseonChon,Ch�n,Ching,Tsh�n,Chin,Chh�n,,Zin,Jap.,Shin
72,?,?,Qin,Ch'in2,Ceon4,Chun,TseunTseonChon,Ch�n,Ching,Tsh�n,Chin,Chh�n,,Zin,Phil.,Ching
73,?,?,Qiu,Ch'iu1,Jau1,Yau,IaoIau,Khu,Khoo,Khi�Hi�,HewKhew,Khiu,,Chieu,Viet.,Kh�u
73,?,?,Qiu,Ch'iu1,Jau1,Yau,IaoIau,Khu,Khoo,Khi�Hi�,HewKhew,Khiu,,Chieu,Kor.,Gu (?)
73,?,?,Qiu,Ch'iu1,Jau1,Yau,IaoIau,Khu,Khoo,Khi�Hi�,HewKhew,Khiu,,Chieu,Jap.,Ky?
73,?,?,Qiu,Ch'iu1,Jau1,Yau,IaoIau,Khu,Khoo,Khi�Hi�,HewKhew,Khiu,,Chieu,Mal.,"Hew, HiewChiew"
73,?,?,Qiu,Ch'iu1,Jau1,Yau,IaoIau,Khu,Khoo,Khi�Hi�,HewKhew,Khiu,,Chieu,Phil.,"Coo, Khoo"
73,?,?,Qiu,Ch'iu1,Jau1,Yau,IaoIau,Khu,Khoo,Khi�Hi�,HewKhew,Khiu,,Chieu,Misc.,Chiou
74,?,?,Hou,Hou2,Hau4,Hau,Hao,"H�? (X, Z)H�u (Q, K, T)K�u (X, Q, Z)",HohHau,H�u,Hew,H�u,,Gheu,Viet.,H?u
74,?,?,Hou,Hou2,Hau4,Hau,Hao,"H�? (X, Z)H�u (Q, K, T)K�u (X, Q, Z)",HohHau,H�u,Hew,H�u,,Gheu,Kor.,Hu(?
74,?,?,Hou,Hou2,Hau4,Hau,Hao,"H�? (X, Z)H�u (Q, K, T)K�u (X, Q, Z)",HohHau,H�u,Hew,H�u,,Gheu,Jap.,K?
74,?,?,Hou,Hou2,Hau4,Hau,Hao,"H�? (X, Z)H�u (Q, K, T)K�u (X, Q, Z)",HohHau,H�u,Hew,H�u,,Gheu,Phil.,"Caw, Ho"
75,?,?,Jiang,Chiang1,Gong1,Kong,,Kang,Kang,K�ng,Kong,Kong,,KaonKang,Viet.,Giang
75,?,?,Jiang,Chiang1,Gong1,Kong,,Kang,Kang,K�ng,Kong,Kong,,KaonKang,Kor.,Gang (?)
75,?,?,Jiang,Chiang1,Gong1,Kong,,Kang,Kang,K�ng,Kong,Kong,,KaonKang,Jap.,K?
75,?,?,Jiang,Chiang1,Gong1,Kong,,Kang,Kang,K�ng,Kong,Kong,,KaonKang,Phil.,Kang
75,?,?,Jiang,Chiang1,Gong1,Kong,,Kang,Kang,K�ng,Kong,Kong,,KaonKang,Misc.,Kiang
76,?,?,Yin,Yin3,Wan5,Wan,,"�n (K, T)�n (X, Q, Z)",UnEunEung,Y�n,Yoon,�n,,Yin,Viet.,Do�n
76,?,?,Yin,Yin3,Wan5,Wan,,"�n (K, T)�n (X, Q, Z)",UnEunEung,Y�n,Yoon,�n,,Yin,Kor.,Yun (?)
76,?,?,Yin,Yin3,Wan5,Wan,,"�n (K, T)�n (X, Q, Z)",UnEunEung,Y�n,Yoon,�n,,Yin,Jap.,In
76,?,?,Yin,Yin3,Wan5,Wan,,"�n (K, T)�n (X, Q, Z)",UnEunEung,Y�n,Yoon,�n,,Yin,Phil.,Unson
77,?,?,Xue,Hs�eh1,Sit3,Sit,,Sih,,Siet,Set,Siot,,Sih,Viet.,Ti?t
77,?,?,Xue,Hs�eh1,Sit3,Sit,,Sih,,Siet,Set,Siot,,Sih,Kor.,Seol (?)
77,?,?,Xue,Hs�eh1,Sit3,Sit,,Sih,,Siet,Set,Siot,,Sih,Jap.,Setsu
78,?,?,Yan,Yen2,Jim4,Yim,Im,Gi�m,Ngiam,Ngi�m,NgiamYam,I?m,,Ni,Viet.,Di�m
78,?,?,Yan,Yen2,Jim4,Yim,Im,Gi�m,Ngiam,Ngi�m,NgiamYam,I?m,,Ni,Kor.,Yeom (?)
78,?,?,Yan,Yen2,Jim4,Yim,Im,Gi�m,Ngiam,Ngi�m,NgiamYam,I?m,,Ni,Jap.,En
79,?,?,Duan,Tuan4,Dyun6,Tuen,Tun,"To?n (X, Z, K, T)To�n (Q)",TngTeung,Thon,TonThon,Th�n,,Doe,Viet.,?o�n
79,?,?,Duan,Tuan4,Dyun6,Tuen,Tun,"To?n (X, Z, K, T)To�n (Q)",TngTeung,Thon,TonThon,Th�n,,Doe,Kor.,Dan (?)
79,?,?,Duan,Tuan4,Dyun6,Tuen,Tun,"To?n (X, Z, K, T)To�n (Q)",TngTeung,Thon,TonThon,Th�n,,Doe,Jap.,Dan
80,?,?,Lei,Lei2,Leoi4,Lui,Loi,L�i,Lui,L�i,LooiLui,L?i,,Lae,Viet.,L�i
80,?,?,Lei,Lei2,Leoi4,Lui,Loi,L�i,Lui,L�i,LooiLui,L?i,,Lae,Kor.,Roe (?)Noe (?)
80,?,?,Lei,Lei2,Leoi4,Lui,Loi,L�i,Lui,L�i,LooiLui,L?i,,Lae,Jap.,Rai
80,?,?,Lei,Lei2,Leoi4,Lui,Loi,L�i,Lui,L�i,LooiLui,L?i,,Lae,Phil.,"Lui, Luy"
80,?,?,Lei,Lei2,Leoi4,Lui,Loi,L�i,Lui,L�i,LooiLui,L?i,,Lae,Hoisan,"Louie, Louis"
81,?,?,Long,Lung2,Lung4,Lung,Long,"L�ng (K, T)Li�ng",LengLiong,Li�ng,Loong,Li?ng,,Lon,Viet.,Long
81,?,?,Long,Lung2,Lung4,Loong,Long,"L�ng (K, T)Li�ng",LengLiong,Li�ng,Loong,Li?ng,,Lon,Kor.,Yong/Ryong(?/?)
81,?,?,Long,Lung2,Lung4,Loong,Long,"L�ng (K, T)Li�ng",LengLiong,Li�ng,Loong,Li?ng,,Lon,Jap.,Ry?
81,?,?,Long,Lung2,Lung4,Loong,Long,"L�ng (K, T)Li�ng",LengLiong,Li�ng,Loong,Li?ng,,Lon,Phil.,"Leong, Liong, Wee"
82,?,?,Li,Li2,Lai4,Lai,,L�,LoyLoi,L�L�i,LeeLai,L?,,Lee,Viet.,L�
82,?,?,Li,Li2,Lai4,Lai,,L�,LoyLoi,L�L�i,LeeLai,L?,,Lee,Kor.,Yeo/Ryeo(?/?)
82,?,?,Li,Li2,Lai4,Lai,,L�,LoyLoi,L�L�i,LeeLai,L?,,Lee,Jap.,Rei
83,?,?,Shi,Shih3,Si2,Sze,Si,"S� (X, Z, K, T)S�i (X, Q)S�r (Q)",SerSeuSze,S??,SooSze,S�,,Sy,Viet.,S?
83,?,?,Shi,Shih3,Si2,Sze,Si,"S� (X, Z, K, T)S�i (X, Q)S�r (Q)",SerSeuSze,S??,SooSze,S�,,Sy,Kor.,Sa (?)
83,?,?,Shi,Shih3,Si2,Sze,Si,"S� (X, Z, K, T)S�i (X, Q)S�r (Q)",SerSeuSze,S??,SooSze,S�,,Sy,Jap.,Shi
83,?,?,Shi,Shih3,Si2,Sze,Si,"S� (X, Z, K, T)S�i (X, Q)S�r (Q)",SerSeuSze,S??,SooSze,S�,,Sy,Phil.,Sze
84,?,?,Tao,T'ao2,Tou4,ToTao,Tow,"T� (X, Z, K, T)T�? (Q)Th� (Q)",Tow,Th�uTh�,TaoTow,Th�u,,Dau,Viet.,?�o
84,?,?,Tao,T'ao2,Tou4,ToTao,Tow,"T� (X, Z, K, T)T�? (Q)Th� (Q)",Tow,Th�uTh�,TaoTow,Th�u,,Dau,Kor.,Do (?)
84,?,?,Tao,T'ao2,Tou4,ToTao,Tow,"T� (X, Z, K, T)T�? (Q)Th� (Q)",Tow,Th�uTh�,TaoTow,Th�u,,Dau,Jap.,T?
84,?,?,Tao,T'ao2,Tou4,ToTao,Tow,"T� (X, Z, K, T)T�? (Q)Th� (Q)",Tow,Th�uTh�,TaoTow,Th�u,,Dau,Phil.,To
85,?,?,He,H�4Ho4,Ho6,Ho,,"H? (X, Z, K, T)H� (Q)",Hor,HoFo,Ho,H�,,Woo,Viet.,H?
85,?,?,He,H�4Ho4,Ho6,Ho,,"H? (X, Z, K, T)H� (Q)",Hor,HoFo,Ho,H�,,Woo,Kor.,Ha (?)
85,?,?,He,H�4Ho4,Ho6,Ho,,"H? (X, Z, K, T)H� (Q)",Hor,HoFo,Ho,H�,,Woo,Jap.,Ka
86,?,?,Mao,Mao2,Mou4,Mo,Mou,M�?,Mor,M�M�u,MoMao,M?u,,Mau,Viet.,Mao
86,?,?,Mao,Mao2,Mou4,Mo,Mou,M�?,Mor,M�M�u,MoMao,M?u,,Mau,Kor.,Mo (?)
86,?,?,Mao,Mao2,Mou4,Mo,Mou,M�?,Mor,M�M�u,MoMao,M?u,,Mau,Jap.,B?
87,?,?,Hao,Hao3,Kok3,Kok,,Hok,Hak,Khok,,Hok,,Heh,Viet.,H�c
87,?,?,Hao,Hao3,Kok3,Kok,,Hok,Hak,Khok,,Hok,,Heh,Kor.,Hak (?)
87,?,?,Hao,Hao3,Kok3,Kok,,Hok,Hak,Khok,,Hok,,Heh,Jap.,Kaku
88,?,?,Gu,Ku4,Gu3,Ku,GooGuKhoo,K�?,Koh,Ku,Koo,K?,,Koo,Viet.,C?
88,?,?,Gu,Ku4,Gu3,Ku,GooGuKhoo,K�?,Koh,Ku,Koo,K?,,Koo,Kor.,Go (?)
88,?,?,Gu,Ku4,Gu3,Ku,GooGuKhoo,K�?,Koh,Ku,Koo,K?,,Koo,Jap.,Ko
88,?,?,Gu,Ku4,Gu3,Ku,GooGuKhoo,K�?,Koh,Ku,Koo,K?,,Koo,Phil.,"Coo, Khoo, Gu"
89,?,?,Gong,Kung1,Gung1,Kung,Kwong,"K�ng (X, Q, K, T)Kiong (Z)",,Ki�ng,Kong,Kiung,,Cion,Viet.,Cung
89,?,?,Gong,Kung1,Gung1,Kung,Kwong,"K�ng (X, Q, K, T)Kiong (Z)",,Ki�ng,Kong,Kiung,,Cion,Kor.,Gong (?)
89,?,?,Gong,Kung1,Gung1,Kung,Kwong,"K�ng (X, Q, K, T)Kiong (Z)",,Ki�ng,Kong,Kiung,,Cion,Jap.,Ky?
90,?,?,Shao,Shao4,Siu6,Siu,ShawSio,"Si? (X, K, T)Si?u (Z, K, T)Si�u (Q)",SeowSioh,ShauSau,Shao,S�u,,Zau,Viet.,Thi?u
90,?,?,Shao,Shao4,Siu6,Shiu,ShawSio,"Si? (X, K, T)Si?u (Z, K, T)Si�u (Q)",SeowSioh,ShauSau,Shao,S�u,,Zau,Kor.,So (?)
90,?,?,Shao,Shao4,Siu6,Shiu,ShawSio,"Si? (X, K, T)Si?u (Z, K, T)Si�u (Q)",SeowSioh,ShauSau,Shao,S�u,,Zau,Jap.,Sh?
90,?,?,Shao,Shao4,Siu6,Shiu,ShawSio,"Si? (X, K, T)Si?u (Z, K, T)Si�u (Q)",SeowSioh,ShauSau,Shao,S�u,,Zau,Phil.,"Siao, Syaw, Shau, Shao, Shaw"
91,?,?,Wan,Wan4,Maan6,Man,Meng,"B?n (X, Z, K, T)B�n (Q)",Buang,Van,WanMan,M�n,,VaeMae,Viet.,V?n
91,?,?,Wan,Wan4,Maan6,Man,Meng,"B?n (X, Z, K, T)B�n (Q)",Buang,Van,WanMan,M�n,,VaeMae,Kor.,Man (?)
91,?,?,Wan,Wan4,Maan6,Man,Meng,"B?n (X, Z, K, T)B�n (Q)",Buang,Van,WanMan,M�n,,VaeMae,Jap.,Ban
91,?,?,Wan,Wan4,Maan6,Man,Meng,"B?n (X, Z, K, T)B�n (Q)",Buang,Van,WanMan,M�n,,VaeMae,Phil.,Man
92,?,?,"Tan ,Qin",T'an2,Taam4,Tam,,Th�m,,Th�m,,Th�m,,Dae,Viet.,T�n
92,?,?,"Tan ,Qin",T'an2,Taam4,Tam,,Th�m,,Th�m,,Th�m,,Dae,Kor.,Dam (?)
92,?,?,"Tan ,Qin",T'an2,Taam4,Tam,,Th�m,,Th�m,,Th�m,,Dae,Jap.,Tan
92,?,?,"Tan ,Qin",T'an2,Taam4,Tam,,Th�m,,Th�m,,Th�m,,Dae,Phil.,Tam
93,?,?,Wu,Wu3,Mou5,Mo,Mou,B�,Boo,V�,MooWoo,M�,,Wu,Viet.,V?V�
93,?,?,Wu,Wu3,Mou5,Mo,Mou,B�,Boo,V�,MooWoo,M�,,Wu,Kor.,Mu (?)
93,?,?,Wu,Wu3,Mou5,Mo,Mou,B�,Boo,V�,MooWoo,M�,,Wu,Jap.,Bu
94,?,?,Qian,Ch'ien2,Cin4,Chin,Chee,Ch�?,Chee,Tshi�n,Chen,Chhi�n,,Zee,Viet.,Ti?n
94,?,?,Qian,Ch'ien2,Cin4,Chin,Chee,Ch�?,Chee,Tshi�n,Chen,Chhi�n,,Zee,Kor.,Jeon (?)
94,?,?,Qian,Ch'ien2,Cin4,Chin,Chee,Ch�?,Chee,Tshi�n,Chen,Chhi�n,,Zee,Jap.,Sen
94,?,?,Qian,Ch'ien2,Cin4,Chin,Chee,Ch�?,Chee,Tshi�n,Chen,Chhi�n,,Zee,Phil.,Chi
95,?,?,Qian,Tai4,Daai3,Tai,,"T� (X, Z, K, T)T�r (Q)",Tai,Tai,Tai,Th�i,,Ta,Viet.,?�i??i
95,?,?,Qian,Tai4,Daai3,Tai,,"T� (X, Z, K, T)T�r (Q)",Tai,Tai,Tai,Th�i,,Ta,Kor.,Dae (?)
95,?,?,Qian,Tai4,Daai3,Tai,,"T� (X, Z, K, T)T�r (Q)",Tai,Tai,Tai,Th�i,,Ta,Jap.,Tai
95,?,?,Qian,Tai4,Daai3,Tai,,"T� (X, Z, K, T)T�r (Q)",Tai,Tai,Tai,Th�i,,Ta,Phil.,Te
96,?,?,Yan,Yen2,Jim4,Yim,Im,Gi�m,Ngiam,Ngi�m,Yam,Ngi?m,,Ni,Viet.,Nghi�m
96,?,?,Yan,Yen2,Jim4,Yim,Im,Gi�m,Ngiam,Ngi�m,Yam,Ngi?m,,Ni,Kor.,Eom (?)
96,?,?,Yan,Yen2,Jim4,Yim,Im,Gi�m,Ngiam,Ngi�m,Yam,Ngi?m,,Ni,Jap.,Gen
96,?,?,Yan,Yen2,Jim4,Yim,Im,Gi�m,Ngiam,Ngi�m,Yam,Ngi?m,,Ni,Phil.,Gan
97,?,?,Ou,Ou1,Au1,Au,,Au,Eu,,,,,,,
98,?,?,Mo,Mo4,Mok6,Mok,,"Bo?h (K, T)Bo?k",Mok,Mo?k,Mok,Mok,,Moh,Viet.,M?c
98,?,?,Mo,Mo4,Mok6,Mok,,"Bo?h (K, T)Bo?k",Mok,Mo?k,Mok,Mok,,Moh,Kor.,Mo (?)
98,?,?,Mo,Mo4,Mok6,Mok,,"Bo?h (K, T)Bo?k",Mok,Mo?k,Mok,Mok,,Moh,Jap.,Baku
99,?,?,Kong,K'ung3,Hung2,Hung,,Kh�ng,KongKhong,Kh�ng,KoongKhoong,Kh�ng,,Khon,Viet.,Kh?ng
99,?,?,Kong,K'ung3,Hung2,Hung,,Kh�ng,KongKhong,Kh�ng,KoongKhoong,Kh�ng,,Khon,Kor.,Kong (?)
99,?,?,Kong,K'ung3,Hung2,Hung,,Kh�ng,KongKhong,Kh�ng,KoongKhoong,Kh�ng,,Khon,Jap.,Ky?
99,?,?,Kong,K'ung3,Hung2,Hung,,Kh�ng,KongKhong,Kh�ng,KoongKhoong,Kh�ng,,Khon,Phil.,"Consunji, Kong, Hung"
100,?,?,Xiang,Hsiang4,Hoeng3,Heung,,"Hi�ng (X, Q, K, T)Hi�ng (Z)",Hiang,Hi�ng,,Hi�ng,,Sian,Viet.,H??ng
100,?,?,Xiang,Hsiang4,Hoeng3,Heung,,"Hi�ng (X, Q, K, T)Hi�ng (Z)",Hiang,Hi�ng,,Hi�ng,,Sian,Kor.,Hyang (?)
100,?,?,Xiang,Hsiang4,Hoeng3,Heung,,"Hi�ng (X, Q, K, T)Hi�ng (Z)",Hiang,Hi�ng,,Hi�ng,,Sian,Jap.,Ky?
101,?,?,Chang,Ch'ang2,Soeng4,Sheung,,"Si�ng (X, Q, K, T)Si�ng (Z)",SiohSeoh,S�ng,Song,S?ng,,ZangZaon,Viet.,Th??ng
101,?,?,Chang,Ch'ang2,Soeng4,Sheung,,"Si�ng (X, Q, K, T)Si�ng (Z)",SiohSeoh,S�ng,Song,S?ng,,ZangZaon,Kor.,Sang (?)
101,?,?,Chang,Ch'ang2,Soeng4,Sheung,,"Si�ng (X, Q, K, T)Si�ng (Z)",SiohSeoh,S�ng,Song,S?ng,,ZangZaon,Jap.,Sh?
101,?,?,Chang,Ch'ang2,Soeng4,Sheung,,"Si�ng (X, Q, K, T)Si�ng (Z)",SiohSeoh,S�ng,Song,S?ng,,ZangZaon,Misc.,"S?ng, Th?ng"
102,?,?,Tang,T'ang1,Tong1,Tong,,Thng,TngTeung,Th�ng,ThongTong,Thong,,Thaan,Viet.,Thang
102,?,?,Tang,T'ang1,Tong1,Tong,,Thng,TngTeung,Th�ng,ThongTong,Thong,,Thaan,Jap.,T?
102,?,?,Tang,T'ang1,Tong1,Tong,,Thng,TngTeung,Th�ng,ThongTong,Thong,,Thaan,Phil.,Tang
103,?,?,Kang,Kang1,Hong1,Hong,,Khng,KangKhang,Kh�ng,KhongKong,Khong,,Khaan,Viet.,Khang
103,?,?,Kang,Kang1,Hong1,Hong,,Khng,KangKhang,Kh�ng,KhongKong,Khong,,Khaan,Kor.,Gang (?)
103,?,?,Kang,Kang1,Hong1,Hong,,Khng,KangKhang,Kh�ng,KhongKong,Khong,,Khaan,Jap.,K?
103,?,?,Kang,Kang1,Hong1,Hong,,Khng,KangKhang,Kh�ng,KhongKong,Khong,,Khaan,Phil.,Kang
104,?,?,Yi,I4,Yi6Yik6,Yik,,"E?k (X, Z, K, T)Ia?k (Q)",Ek,Yit,,Iak,,I,Viet.,D?ch
104,?,?,Yi,I4,Yi6Yik6,Yik,,"E?k (X, Z, K, T)Ia?k (Q)",Ek,Yit,,Iak,,I,Kor.,Yee (?)
104,?,?,Yi,I4,Yi6Yik6,Yik,,"E?k (X, Z, K, T)Ia?k (Q)",Ek,Yit,,Iak,,I,Jap.,"Eki, I"
105,?,?,Qiao,Ch'iao2,Kiu4,Kiu,,Ki�u,KeowKiao,Khi�u,KiewKhiew,Khi�u,,Jiau,Viet.,Ki?u
105,?,?,Qiao,Ch'iao2,Kiu4,Kiu,,Ki�u,KeowKiao,Khi�u,KiewKhiew,Khi�u,,Jiau,Kor.,Kyo (?)
105,?,?,Qiao,Ch'iao2,Kiu4,Kiu,,Ki�u,KeowKiao,Khi�u,KiewKhiew,Khi�u,,Jiau,Jap.,Ky?
106,?,?,Lai,Lai4,Laai6,Lay,Lai,"L?a (X, Z, K, T)L�a (Q)",Nai,Lai,L�i,L�i,,La,Viet.,L?i
106,?,?,Lai,Lai4,Laai6,Lay,Lai,"L?a (X, Z, K, T)L�a (Q)",Nai,Lai,L�i,L�i,,La,Kor.,Roe (?)Noe (?)
106,?,?,Lai,Lai4,Laai6,Lay,Lai,"L?a (X, Z, K, T)L�a (Q)",Nai,Lai,L�i,L�i,,La,Jap.,Rai
107,?,?,Wen,Wen2,Man4,Man,,B�n,Boon,V�n,Voon,M?n,,Ven,Viet.,V?n
107,?,?,Wen,Wen2,Man4,Man,,B�n,Boon,V�n,Voon,M?n,,Ven,Kor.,Moon (?)
107,?,?,Wen,Wen2,Man4,Man,,B�n,Boon,V�n,Voon,M?n,,Ven,Jap.,Bun
108,?,?,Shi,Shih1,Si1,Si,Xi,SiSoa,SySua,S??,Sii�,,,Sy,Viet.,Th�
108,?,?,Shi,Shih1,Si1,Si,Xi,SiSoa,SySua,S??,Sii�,,,Sy,Kor.,Si (?)
108,?,?,Shi,Shih1,Si1,Si,Xi,SiSoa,SySua,S??,Sii�,,,Sy,Jap.,"Shi, I"
108,?,?,Shi,Shih1,Si1,Si,Xi,SiSoa,SySua,S??,Sii�,,,Sy,Phil.,"Sy, See, Sze"
109,?,?,Hong,Hung2,Hung4,Hung,Huhng,�ngH�ng,AngHong,F�ng,Fung,,,Won,Viet.,"H?ng, H�ng"
109,?,?,Hong,Hung2,Hung4,Hung,Huhng,�ngH�ng,AngHong,F�ng,Fung,,,Won,Kor.,Hong (?)
109,?,?,Hong,Hung2,Hung4,Hung,Huhng,�ngH�ng,AngHong,F�ng,Fung,,,Won,Jap.,K?
109,?,?,Hong,Hung2,Hung4,Hung,Huhng,�ngH�ng,AngHong,F�ng,Fung,,,Won,Phil.,"Ang, Hong"
110,?,?,Xin,Hsin1,San1,San,Sen,S�n,Sin,S�n,Xin�,S�ng,,Sin,Viet.,T�n
110,?,?,Xin,Hsin1,San1,San,Sen,S�n,Sin,S�n,Xin�,S�ng,,Sin,Kor.,Shin (?)
110,?,?,Xin,Hsin1,San1,San,Sen,S�n,Sin,S�n,Xin�,S�ng,,Sin,Jap.,Shin
110,?,?,Xin,Hsin1,San1,San,Sen,S�n,Sin,S�n,Xin�,S�ng,,Sin,Phil.,"Sin, Sing, Singson"
111,?,?,Ke,k?o1,O1,O,Ngo,"Koa,� Kho","Ko,","Ker,� Quah,� Kwa",Kh�,Ko�,,Khu,Viet.,Kha
111,?,?,Ke,k?o1,O1,O,Ngo,"Koa,� Kho","Ko,","Ker,� Quah,� Kwa",Kh�,Ko�,,Khu,Kor.,Ga (?)
111,?,?,Ke,k?o1,O1,O,Ngo,"Koa,� Kho","Ko,","Ker,� Quah,� Kwa",Kh�,Ko�,,Khu,Jap.,Ka
111,?,?,Ke,k?o1,O1,O,Ngo,"Koa,� Kho","Ko,","Ker,� Quah,� Kwa",Kh�,Ko�,,Khu,Phil.,"Cua, Kua, Kho, Ko, Co, Coson"
112,?,?,Zhuang,Chuang1,Zong1,Tsong,"Chong,� Jong","Chng,� Chong",Cheng,Ch�ng,Zong�,,,Tsaan,Viet.,"Trang, ??, D?a, Chan, Chang"
112,?,?,Zhuang,Chuang1,Zong1,Tsong,"Chong,� Jong","Chng,� Chong",Cheng,Ch�ng,Zong�,,,Tsaan,Kor.,Jang (?)
112,?,?,Zhuang,Chuang1,Zong1,Tsong,"Chong,� Jong","Chng,� Chong",Cheng,Ch�ng,Zong�,,,Tsaan,Jap.,"Sh?,�S?,�Chan"
112,?,?,Zhuang,Chuang1,Zong1,Tsong,"Chong,� Jong","Chng,� Chong",Cheng,Ch�ng,Zong�,,,Tsaan,Phil.,"Cheng, Ching, Chung, Chong"
